<?xml version="1.0" encoding="UTF-8"?>
<project-private xmlns="http://www.netbeans.org/ns/project-private/1">
    <editor-bookmarks xmlns="http://www.netbeans.org/ns/editor-bookmarks/2" lastBookmarkId="0"/>
    <open-files xmlns="http://www.netbeans.org/ns/projectui-open-files/2">
        <group>
            <file>file:/C:/Users/Emanuele/Downloads/JDinDonDan%20(1)%20(1)/JDinDonDan%20(1)/JDinDonDan/JDinDonDan/src/jdindondan/JDialogEntra.java</file>
            <file>file:/C:/Users/Emanuele/Downloads/JDinDonDan%20(1)%20(1)/JDinDonDan%20(1)/JDinDonDan/JDinDonDan/src/jdindondan/JCambiaUsername.java</file>
            <file>file:/C:/Users/Emanuele/Downloads/JDinDonDan%20(1)%20(1)/JDinDonDan%20(1)/JDinDonDan/JDinDonDan/src/jdindondan/JCambiaPassword.java</file>
            <file>file:/C:/Users/Emanuele/Downloads/JDinDonDan%20(1)%20(1)/JDinDonDan%20(1)/JDinDonDan/JDinDonDan/src/jdindondan/JRegistrazione.java</file>
            <file>file:/C:/Users/Emanuele/Downloads/JDinDonDan%20(1)%20(1)/JDinDonDan%20(1)/JDinDonDan/JDinDonDan/src/jdindondan/JProfilo.java</file>
            <file>file:/C:/Users/Emanuele/Downloads/JDinDonDan%20(1)%20(1)/JDinDonDan%20(1)/JDinDonDan/JDinDonDan/src/jdindondan/JSpesa.java</file>
            <file>file:/C:/Users/Emanuele/Downloads/JDinDonDan%20(1)%20(1)/JDinDonDan%20(1)/JDinDonDan/JDinDonDan/src/jdindondan/JHome.java</file>
            <file>file:/C:/Users/Emanuele/Downloads/JDinDonDan%20(1)%20(1)/JDinDonDan%20(1)/JDinDonDan/JDinDonDan/src/jdindondan/JPromozioni.java</file>
            <file>file:/C:/Users/Emanuele/Downloads/JDinDonDan%20(1)%20(1)/JDinDonDan%20(1)/JDinDonDan/JDinDonDan/src/jdindondan/spesaSicura.png</file>
            <file>file:/C:/Users/Emanuele/Downloads/JDinDonDan%20(1)%20(1)/JDinDonDan%20(1)/JDinDonDan/JDinDonDan/src/jdindondan/spesaOnline1.JPG</file>
            <file>file:/C:/Users/Emanuele/Downloads/JDinDonDan%20(1)%20(1)/JDinDonDan%20(1)/JDinDonDan/JDinDonDan/src/jdindondan/JLoginForm.java</file>
            <file>file:/C:/Users/Emanuele/Downloads/JDinDonDan%20(1)%20(1)/JDinDonDan%20(1)/JDinDonDan/JDinDonDan/src/jdindondan/JPrenotazione.java</file>
            <file>file:/C:/Users/Emanuele/Downloads/JDinDonDan%20(1)%20(1)/JDinDonDan%20(1)/JDinDonDan/JDinDonDan/src/jdindondan/JCartaFedelta.java</file>
        </group>
    </open-files>
</project-private>
